{"cameraMode":{"drawMode":0,"name":"Shaded","section":"Shading Mode"},"sceneLighting":true,"audioPlay":false,"sceneViewState":{"m_AlwaysRefresh":false,"showFog":true,"showSkybox":false,"showFlares":true,"showImageEffects":true,"showParticleSystems":true,"showVisualEffectGraphs":true,"m_FxEnabled":true},"in2DMode":false,"pivot":{"x":-0.0040077269077301029,"y":0.06518959999084473,"z":0.03345775604248047},"rotation":{"x":-0.22694255411624909,"y":-0.08402689546346665,"z":0.019657371565699579,"w":-0.970077633857727},"size":0.663500189781189,"orthographic":false}