{"cameraMode":{"drawMode":0,"name":"Shaded","section":"Shading Mode"},"sceneLighting":true,"audioPlay":false,"sceneViewState":{"showFog":true,"showMaterialUpdate":false,"showSkybox":false,"showFlares":true,"showImageEffects":true,"showParticleSystems":true},"in2DMode":false,"pivot":{"x":-0.03906312584877014,"y":-0.2782670557498932,"z":2.0732743740081789},"rotation":{"x":-0.15560759603977204,"y":-0.02904135175049305,"z":0.004577651619911194,"w":-0.9873895049095154},"size":0.8147818446159363,"orthographic":false}